id,Description,Dispute Created (UTC),Charge Created (UTC),Dispute Amount,Dispute Currency,Charge Amount,Charge Currency,Charge ID,Card Fingerprint,Card Brand,Card Funding,Customer Email,Customer ID,Reason,Status,Due By (UTC),Past Due,Has Evidence,Submission Count,Is Charge Refundable,Amount Refunded,Win Likelihood,Is Visa Rapid Dispute Resolution
du_1NrBq1AYqjhH26iARYJq8Thj,Italy,2023-09-17 03:40,2023-04-12 14:56,"2422,58",usd,"3279,20",cad,ch_3Mw55kAYqjhH26iA1MWi00L4,55ByW0iflOMsPte0,MasterCard,credit,,,product_unacceptable,needs_response,2023-10-27 23:59,false,false,0,false,"0,00",3,false
du_1NIkNlAYqjhH26iAL7keGkz8,Ecuador & Peru,2023-06-14 03:28,2022-05-06 13:28,"3100,57",usd,"4138,80",cad,ch_3KwRDHAYqjhH26iA1WU0jq3Z,dI5aXUYdjuRteW2V,MasterCard,credit,,,product_unacceptable,lost,2023-09-22 23:59,false,true,1,false,"0,00",4,false
du_1NG3ruAYqjhH26iA4BJC8Tez,Ecuador & Peru,2023-06-06 17:40,2022-11-10 15:19,"4019,04",eur,"5764,39",cad,ch_3M2cXCAYqjhH26iA3Q4nZK3b,kT7uIzDJUAMYIcYX,Visa,credit,,,credit_not_processed,lost,2023-07-02 23:59,false,true,1,false,"0,00",2,false
du_1N7Kv6AYqjhH26iAdPYeAFAd,Ecuador,2023-05-13 16:03,2023-02-27 17:55,"788,94",eur,"1157,84",cad,ch_3MgAvPAYqjhH26iA0z073x57,M493gpQBSjpmTGzJ,Visa,credit,,,credit_not_processed,lost,2023-06-08 23:59,false,true,1,false,"0,00",2,false
du_1N6mvsAYqjhH26iAX3vqcR98,Ecuador & Peru,2023-05-12 03:46,2022-11-04 12:39,"2062,18",usd,"2759,20",cad,ch_3M0PB3AYqjhH26iA0ZNXZirZ,dI5aXUYdjuRteW2V,MasterCard,credit,,,product_unacceptable,lost,2023-08-15 23:59,false,true,1,false,"0,00",3,false
du_1MsnoqAYqjhH26iAelrOOdjP,"Brazil, Argentina, Ecuador & Peru",2023-04-03 13:53,2022-06-08 18:40,"2894,89",eur,"4240,20",cad,ch_3L8TmaAYqjhH26iA1siMFMhY,WOpQFfGnqbXKISPw,Visa,credit,,,credit_not_processed,lost,2023-04-29 23:59,false,true,1,false,"0,00",3,false
du_1MsnKKAYqjhH26iAgjy0nW4X,"Brazil, Argentina, Ecuador & Peru",2023-04-03 13:21,2022-11-25 23:00,"1018,76",eur,"1492,20",cad,ch_3M8ArgAYqjhH26iA0QSpqeJ5,WOpQFfGnqbXKISPw,Visa,credit,,,credit_not_processed,lost,2023-04-29 23:59,false,true,1,false,"0,00",3,false
du_1Mqt16AYqjhH26iAjLbGuDRs,Ecuador & Peru,2023-03-29 07:01,2022-11-25 17:21,"2280,18",eur,"4374,00",cad,ch_3M85aGAYqjhH26iA3bmq72Qd,EnOx1gWQItkvi35m,American Express,credit,,,product_not_received,lost,2023-04-13 23:59,false,true,1,false,"0,00",3,false
du_1Mm0SbAYqjhH26iAVxSqZUxu,Portugal,2023-03-15 19:58,2023-02-08 12:28,"601,72",eur,"879,60",cad,ch_3MZCktAYqjhH26iA1IwqfKXB,JPtZ9AmWISiT6AHc,Visa,credit,,,fraudulent,lost,2023-04-10 23:59,false,false,0,false,"0,00",1,false
du_1MjyBmAYqjhH26iAK0PvtodH,Ecuador & Peru,2023-03-10 05:08,2022-10-12 18:07,"1106,79",eur,"4468,80",cad,ch_3Ls9LMAYqjhH26iA1csAWjLj,mKnRICJdyZZruBJ2,American Express,credit,,,credit_not_processed,won,2023-03-25 23:59,false,true,1,true,"2979,20",2,false
du_1MjagDAYqjhH26iAWHu1Qa6I,Greece,2023-03-09 04:02,2023-01-01 14:45,"1763,97",usd,"2399,00",cad,ch_3MLSnIAYqjhH26iA299mz8am,cYS00b2FLh0O3aVS,MasterCard,credit,,,product_unacceptable,lost,2023-06-16 23:59,false,true,1,false,"0,00",3,false
du_1MfnfcAYqjhH26iAw09iL0U3,Peru,2023-02-26 17:05,2022-11-08 17:49,"1431,09",eur,"2052,00",cad,ch_3M1vvkAYqjhH26iA0BejA9mb,M79FsJdKslin8FVN,Visa,credit,,,credit_not_processed,lost,2023-03-24 23:59,false,true,1,false,"0,00",2,false
du_1MfnaNAYqjhH26iAq21KMEcQ,Peru,2023-02-26 17:00,2023-01-04 13:28,"954,06",eur,"1368,00",cad,ch_3MMX1LAYqjhH26iA3XZhK6Bs,M79FsJdKslin8FVN,Visa,credit,,,credit_not_processed,lost,2023-03-24 23:59,false,true,1,false,"0,00",2,false
du_1MeMCmAYqjhH26iA42G0DpEx,Ecuador & Peru,2023-02-22 17:34,2022-11-14 23:16,"1412,83",eur,"2024,39",cad,ch_3M4BtVAYqjhH26iA2BMZu4Zn,KyaSaJb6TPugbkq8,Visa,credit,,,fraudulent,lost,2023-03-20 23:59,false,false,0,false,"0,00",3,false
du_1McCGwAYqjhH26iAo5Yd9MZj,Peru,2023-02-16 18:33,2022-12-10 20:41,"700,76",eur,"1002,00",cad,ch_3MDZrlAYqjhH26iA2W9pdM3m,Z8nK0BkpDp9IJQ7x,Visa,credit,,,product_not_received,lost,2023-03-14 23:59,false,true,1,false,"0,00",2,false
du_1McBsMAYqjhH26iAjPYCg7VS,Peru,2023-02-16 18:08,2022-11-28 01:02,"1051,14",eur,"1503,00",cad,ch_3M8vjvAYqjhH26iA1HeCW1MK,Z8nK0BkpDp9IJQ7x,Visa,credit,,,product_not_received,lost,2023-03-14 23:59,false,true,1,false,"0,00",2,false
du_1MagRvAYqjhH26iApBKGtfpK,Peru,2023-02-12 14:22,2023-01-14 18:53,"1826,90",eur,"2599,00",cad,ch_3MQErQAYqjhH26iA0ByuFmD0,HmAkUmgRm25WpLt7,Visa,credit,,,credit_not_processed,lost,2023-03-10 23:59,false,true,1,false,"0,00",2,false
du_1MaNWQAYqjhH26iAyhoq9aZe,Peru,2023-02-11 18:10,2022-11-29 00:37,"5068,10",eur,"7210,00",cad,ch_3M9Hp0AYqjhH26iA2spLJeB1,wVPl4mEe1wdgOAjF,Visa,credit,,,credit_not_processed,lost,2023-03-09 23:59,false,true,1,false,"0,00",1,false
du_1MaNKFAYqjhH26iAKQIQ865d,Greece,2023-02-11 17:57,2022-12-07 21:53,"1406,14",eur,"2000,41",cad,ch_3MCVYVAYqjhH26iA2E0oBr7L,wVPl4mEe1wdgOAjF,Visa,credit,,,credit_not_processed,won,2023-03-09 23:59,false,true,1,true,"0,00",1,false
du_1MaMvGAYqjhH26iActL8lQQm,Greece,2023-02-11 17:31,2022-12-07 21:42,"1123,69",eur,"1598,59",cad,ch_3MCVNkAYqjhH26iA3FSI7T03,wVPl4mEe1wdgOAjF,Visa,credit,,,credit_not_processed,won,2023-03-09 23:59,false,true,1,true,"0,00",1,false
du_1MVH2dAYqjhH26iAySNDwPNs,Peru,2023-01-28 16:14,2023-01-18 17:28,"1730,29",eur,"2499,00",cad,ch_3MRfQgAYqjhH26iA1AmzN9tU,Cmdd6fsx8UoZm5C9,Visa,credit,,,product_unacceptable,won,2023-02-23 23:59,false,false,0,true,"140,00",2,false
du_1MSD41AYqjhH26iAsS1mVY2v,"Thailand, Cambodia & Vietnam",2023-01-20 05:22,2022-11-21 13:29,"3759,46",usd,"5038,80",cad,ch_3M6a3wAYqjhH26iA2nq1P9ay,d98azCTCIH2ner7J,MasterCard,credit,,,duplicate,lost,2023-04-22 23:59,false,true,1,false,"0,00",2,false
du_1MPfQlAYqjhH26iAvfTC6f3f,Ecuador & Peru,2023-01-13 05:03,2022-11-07 19:48,"5102,44",usd,"6838,80",cad,ch_3M1bIzAYqjhH26iA1lXyweqW,NwqWDVcgHuVG0PAF,MasterCard,credit,,,product_unacceptable,lost,2023-04-29 23:59,false,true,1,false,"0,00",1,false
du_1MOlK3AYqjhH26iAWoLSROV5,Italy & Greece,2023-01-10 17:09,2022-08-08 18:31,"1521,46",eur,"3349,61",cad,ch_3LUajgAYqjhH26iA3wWMoJUc,Tv2hUOitaL70gOFX,Visa,credit,,,product_unacceptable,lost,2023-02-05 23:59,false,true,1,false,"228,00",2,false
du_1MBu7NAYqjhH26iAVJ1maPiw,Ecuador & Peru,2022-12-06 05:55,2022-11-07 20:23,"3826,72",usd,"6718,80",cad,ch_3M1bqlAYqjhH26iA0MzJNjuo,HcjbLvSqaBvm6bNY,MasterCard,credit,,,product_unacceptable,lost,2023-01-15 23:59,false,false,0,false,"1560,00",2,false
du_1MB0fuAYqjhH26iAhaGQLhkS,Jordan & Egypt,2022-12-03 18:42,2022-11-23 21:05,"2625,95",eur,"3699,00",cad,ch_3M7Q8LAYqjhH26iA3OjdL9oQ,ErLTsSPjCaNlLH6O,Visa,credit,,,duplicate,lost,2022-12-29 23:59,false,false,0,false,"0,00",1,false
du_1MAbg7AYqjhH26iAXrIr7vaB,Morocco,2022-12-02 16:01,2022-01-08 22:51,"742,96",eur,"1036,50",cad,ch_3KFnlJAYqjhH26iA39NsswLW,U66EvnMP5Tnx2EKG,Visa,credit,,,credit_not_processed,lost,2022-12-28 23:59,false,true,1,false,"789,20",2,false
du_1M8kgUAYqjhH26iAO7o0WjrR,Morocco,2022-11-27 13:14,2022-08-12 15:23,"142,41",eur,"986,49",cad,ch_3LVzhyAYqjhH26iA00UnTup8,U66EvnMP5Tnx2EKG,Visa,credit,,,credit_not_processed,lost,2022-12-23 23:59,false,true,1,false,"0,00",1,false
du_1M8QUaAYqjhH26iAse4tojH4,Peru,2022-11-26 15:40,2022-09-19 12:11,"133,54",eur,"185,00",cad,ch_3LjipBAYqjhH26iA2oPs43nR,HJkl3AGGaD5aCGfL,Visa,credit,,,product_unacceptable,lost,2022-12-22 23:59,false,true,1,false,"0,00",2,false
du_1M8HACAYqjhH26iAtFiN9vsO,Morocco,2022-11-26 05:42,2022-08-12 12:44,"734,35",usd,"986,49",cad,ch_3LVxDiAYqjhH26iA3Yawhurl,ARKvaBm8BmUmiACg,MasterCard,credit,,,product_unacceptable,won,2023-01-05 23:59,false,false,0,true,"0,00",2,false
du_1M8H9MAYqjhH26iAUr9b6MiS,Morocco,2022-11-26 05:42,2022-01-08 23:01,"697,14",usd,"936,50",cad,ch_3KFnuOAYqjhH26iA1dztIVdV,ARKvaBm8BmUmiACg,MasterCard,credit,,,product_unacceptable,won,2023-01-05 23:59,false,false,0,true,"0,00",2,false
du_1M7Bi3AYqjhH26iAwUTzyzkW,Japan,2022-11-23 05:41,2021-11-03 22:02,"3649,07",eur,"5257,25",cad,ch_3JrrX3AYqjhH26iA1PFkZRbu,duTmuumdarF4K8Ym,American Express,credit,,,product_not_received,lost,2022-12-07 23:59,false,true,1,false,"0,00",2,false
du_1M7BhFAYqjhH26iAq4Wr6Mar,Greece,2022-11-23 05:40,2022-08-28 22:02,"1486,36",eur,"1940,75",cad,ch_3LbtYJAYqjhH26iA3o1RnEC2,duTmuumdarF4K8Ym,American Express,credit,,,product_not_received,won,2022-12-07 23:59,false,true,1,true,"0,00",2,false
du_1M3gaFAYqjhH26iAbSAzzl0W,Greece,2022-11-13 13:50,2022-10-11 13:29,"232,47",eur,"315,58",cad,ch_3LriWCAYqjhH26iA3icWt21Y,qzuHTdLd6ChdepPe,Visa,credit,,,product_not_received,lost,2022-12-09 23:59,false,true,1,false,"0,00",3,false
du_1M3gWKAYqjhH26iA2PZbM9D0,Greece,2022-11-13 13:46,2022-08-24 11:48,"1708,44",eur,"2319,19",cad,ch_3LaI42AYqjhH26iA1Fibo2sZ,qzuHTdLd6ChdepPe,Visa,credit,,,product_not_received,won,2022-12-09 23:59,false,true,1,true,"0,00",3,false
du_1M0gAsAYqjhH26iATaPHIDh1,United Arab Emirates & Turkey,2022-11-05 06:48,2022-06-15 19:36,"1204,54",eur,"1631,04",cad,ch_3LB20dAYqjhH26iA2hX2h6EC,fOj8uzultAQxPy6Y,American Express,credit,,,credit_not_processed,lost,2022-11-20 23:59,false,true,1,false,"0,00",2,false
du_1M0gAGAYqjhH26iACdNdRTYW,Spain,2022-11-05 06:47,2022-06-14 17:24,"2433,72",eur,"3279,60",cad,ch_3LAdS3AYqjhH26iA1PIB8b35,fOj8uzultAQxPy6Y,American Express,credit,,,credit_not_processed,lost,2022-11-20 23:59,false,true,1,false,"0,00",2,false
du_1LzwnxAYqjhH26iAsya38oP0,United Arab Emirates & Turkey,2022-11-03 06:21,2022-07-23 15:51,"825,31",eur,"1087,35",cad,ch_3LOkbYAYqjhH26iA3qcbFL44,fOj8uzultAQxPy6Y,American Express,credit,,,credit_not_processed,lost,2022-11-18 23:59,false,true,1,false,"0,00",3,false
du_1LxBnfAYqjhH26iAyZhjiP1d,Greece,2022-10-26 15:45,2022-08-08 18:07,"2574,45",eur,"3478,80",cad,ch_3LUaLzAYqjhH26iA2NFmNCDd,qzuHTdLd6ChdepPe,Visa,credit,,,product_not_received,won,2022-11-21 23:59,false,true,1,true,"0,00",3,false
du_1Ltu35AYqjhH26iAP7WUo28z,Morocco,2022-10-17 14:12,2022-09-10 12:54,"655,79",eur,"1759,20",cad,ch_3LgTCiAYqjhH26iA2HmrGYhk,ZiBy7avNfsRU9zQx,Visa,credit,,,general,lost,2022-11-12 23:59,false,false,0,false,"0,00",3,false
du_1Lt47vAYqjhH26iAjHXvVxqQ,Portugal,2022-10-15 06:45,2022-10-03 21:56,"3180,28",usd,"4387,20",cad,ch_3LowcoAYqjhH26iA0mgzjLWi,oaiMMoWM7SbRO74P,MasterCard,credit,,,fraudulent,lost,2023-01-14 23:59,false,true,1,false,"0,00",2,false
du_1LqJl1AYqjhH26iAIJzPMFrW,"Thailand, Cambodia & Vietnam",2022-10-07 16:50,2022-06-16 23:48,"1878,36",eur,"2519,40",cad,ch_3LBSPGAYqjhH26iA0bIHTAFv,8mZZ8ARryZAbGaqD,Visa,credit,,,credit_not_processed,lost,2022-11-02 23:59,false,true,1,false,"0,00",3,false
du_1LpZZTAYqjhH26iAz83lIKtm,Greece,2022-10-05 15:31,2022-06-26 20:01,"246,74",eur,"2794,80",cad,ch_3LF1e4AYqjhH26iA3hqNlRgo,SYAMra5qW0WUAkgu,Visa,credit,,,product_not_received,lost,2022-10-31 23:59,false,false,0,false,"0,00",2,false
du_1LnQz1AYqjhH26iALiZ8mr7b,Jordan & Egypt,2022-09-29 17:57,2022-06-13 19:10,"713,89",eur,"937,00",cad,ch_3LAIeNAYqjhH26iA2ptbAvo9,MTtSfkOzRBDAqRcJ,Visa,credit,,,credit_not_processed,lost,2022-10-25 23:59,false,true,1,false,"0,00",2,false
du_1Lfl7BAYqjhH26iAmuUqJ1pZ,Japan,2022-09-08 13:49,2022-03-15 17:10,"2673,15",eur,"3478,80",cad,ch_3KddtEAYqjhH26iA3lfhRHGt,eLPKQ6Ht5c1vqQLU,Visa,credit,,,product_not_received,lost,2022-10-04 23:59,false,false,0,false,"0,00",1,false
du_1Lfkp5AYqjhH26iA1t6uVKQs,Japan,2022-09-08 13:31,2022-03-15 17:15,"2673,15",eur,"3478,80",cad,ch_3Kddy6AYqjhH26iA2Kp8tSEa,eLPKQ6Ht5c1vqQLU,Visa,credit,,,product_not_received,lost,2022-10-04 23:59,false,false,0,false,"0,00",2,false
du_1LfkieAYqjhH26iAJbvMmZEh,Japan,2022-09-08 13:24,2022-07-14 19:44,"1782,09",eur,"2319,19",cad,ch_3LLXxlAYqjhH26iA0os5gv2h,eLPKQ6Ht5c1vqQLU,Visa,credit,,,product_not_received,lost,2022-10-04 23:59,false,false,1,false,"0,00",2,false
du_1LfQgIAYqjhH26iAfgqppRJ0,Japan,2022-09-07 16:00,2022-07-14 19:47,"1786,86",eur,"2319,19",cad,ch_3LLY0AAYqjhH26iA0t1L5ZTu,eLPKQ6Ht5c1vqQLU,Visa,credit,,,product_not_received,lost,2022-10-03 23:59,false,false,0,false,"0,00",2,false
du_1LXeShAYqjhH26iA2sLyTVtz,South Africa & Zimbabwe,2022-08-17 05:06,2022-06-16 19:13,"750,35",usd,"958,04",cad,ch_3LBO6fAYqjhH26iA0zdyT9ON,1qhHRlhwqZnwLQDs,MasterCard,credit,,,product_unacceptable,lost,2022-10-28 23:59,false,true,1,false,"0,00",2,false
du_1LK0tIAYqjhH26iAoe0JWGZE,Argentina & Brazil,2022-07-10 14:13,2022-03-11 17:21,"1175,39",eur,"1541,91",cad,ch_3KcC9JAYqjhH26iA1XceKRtT,F6WIScM39Eg4zALC,Visa,credit,,,credit_not_processed,lost,2022-08-05 23:59,false,true,1,false,"0,00",2,false
du_1LGn4kAYqjhH26iADSk6PE2e,Morocco,2022-07-01 16:52,2022-06-13 16:15,"1192,68",eur,"1599,00",cad,ch_3LAFueAYqjhH26iA0rMLHNbk,NZ8gInG7bwWUpHUT,Visa,credit,,,credit_not_processed,lost,2022-07-27 23:59,false,true,1,false,"0,00",2,false
du_1L4PRwAYqjhH26iAajkv9DSQ,Portugal,2022-05-28 13:13,2022-03-02 22:54,"3136,57",eur,"4277,30",cad,ch_3KZ13uAYqjhH26iA3f37oIAH,SjEzeIPAAzm46VNw,Visa,credit,,,product_unacceptable,lost,2022-06-23 23:59,false,true,1,false,"0,00",2,false
du_1L3Yu8AYqjhH26iAmzfRKghV," Egypt, Kenya, Zimbabwe & South Africa",2022-05-26 05:06,2022-05-08 04:30,"13956,93",usd,"17887,20",cad,ch_3Kx1lYAYqjhH26iA30aM2Qj7,7hS3iwmhhETe2et6,MasterCard,credit,,,product_unacceptable,lost,2022-08-11 23:59,false,true,1,false,"0,00",2,false
du_1L1rtVAYqjhH26iAxESi9Tvi,Italy,2022-05-21 12:58,2022-05-02 13:46,"2697,09",eur,"3643,20",cad,ch_3KuzZuAYqjhH26iA0Abo15KW,hGzQtyklgKGLpKyq,Visa,credit,,,duplicate,lost,2022-06-16 23:59,false,false,0,false,"0,00",3,false
du_1KvzBLAYqjhH26iA1dPwGgMi,Egypt ,2022-05-05 07:33,2021-11-23 17:24,"1310,39",usd,"1679,40",cad,ch_3Jz2jKAYqjhH26iA3uSdWzPb,tiaklSwjnTVEWUtx,MasterCard,credit,,,product_unacceptable,lost,2022-06-18 23:59,false,true,1,false,"0,00",2,false
du_1Kvz83AYqjhH26iACQYtZmcg,Egypt ,2022-05-05 07:29,2021-11-30 21:04,"873,59",usd,"1119,59",cad,ch_3K1dV7AYqjhH26iA1wXn3jYe,tiaklSwjnTVEWUtx,MasterCard,credit,,,product_unacceptable,lost,2022-06-18 23:59,false,true,1,false,"0,00",2,false
du_1Ko0X8AYqjhH26iAMRTHJKhS,Peru,2022-04-13 07:22,2022-01-06 17:42,"2845,54",usd,"5230,66",cad,ch_3KEzyWAYqjhH26iA3QJIeINb,XaoduWaFAtpgadJ7,MasterCard,credit,,,product_unacceptable,lost,2022-06-15 23:59,false,true,1,false,"1646,13",3,false
du_1KbPmzAYqjhH26iAQK7TlBjl,Jordan & Egypt,2022-03-09 13:42,2021-08-18 18:50,"2762,56",eur,"3838,80",cad,ch_3JPtpyAYqjhH26iA2nNt8mck,qQxocxbnO0RnzvnS,Visa,credit,,,credit_not_processed,lost,2022-04-04 23:59,false,false,0,false,"0,00",2,false
du_1KRXKcAYqjhH26iA8mmf53a0,Peru,2022-02-10 07:44,2022-01-06 17:40,"2358,86",usd,"3000,00",cad,ch_3KEzwtAYqjhH26iA3D42rZ4m,NMBGON3b7yTy0c5x,MasterCard,credit,,,product_unacceptable,won,2022-03-21 23:59,false,true,1,true,"0,00",5,false
du_1KOk4UAYqjhH26iAXMBl1P3j,"South Africa, Zimbabwe & Botswana",2022-02-02 14:44,2021-09-21 16:47,"1516,83",eur,"2160,96",cad,ch_3JcC7VAYqjhH26iA2MzzWtNm,fxqkwAZApyaldhmd,Visa,credit,,,product_not_received,lost,2022-02-28 23:59,false,true,1,false,"0,00",2,false
du_1KKNtxAYqjhH26iAVEKCghpn,Morocco,2022-01-21 14:15,2021-10-01 14:20,"1274,54",eur,"1818,60",cad,ch_3JfmbFAYqjhH26iA1IgnMtdZ,WiiuRfRoMUvfaztC,Visa,credit,,,product_not_received,won,2022-02-16 23:59,false,true,1,true,"0,00",2,false
du_1KJehVAYqjhH26iAI21kSxEo,"South Africa, Zimbabwe & Botswana",2022-01-19 13:59,2021-08-22 15:33,"2288,64",eur,"3241,44",cad,ch_3JRIfgAYqjhH26iA3yYh5cYT,fxqkwAZApyaldhmd,Visa,credit,,,product_not_received,won,2022-02-14 23:59,false,true,1,true,"0,00",2,false
du_1KDL4dAYqjhH26iAmIicfIH4,Morocco,2022-01-02 03:49,2021-09-05 23:34,"1361,73",usd,"1741,92",cad,ch_3JWUqZAYqjhH26iA2uMZxpKg,muirYtbDrMvz61Sc,MasterCard,credit,,,product_unacceptable,lost,2022-04-14 23:59,false,false,1,false,"0,00",2,false
du_1K9kEQAYqjhH26iAwKuJM1kR,Morocco,2021-12-23 05:52,2021-07-22 00:09,"2021,66",usd,"2612,89",cad,ch_1JFpTcAYqjhH26iA2z7xIXtM,5Epk7TpL8eFZestA,MasterCard,credit,,,product_unacceptable,lost,2022-01-31 23:59,false,false,0,false,"0,00",2,false
du_1K8J8NAYqjhH26iAUAHnPEbq,Egypt ,2021-12-19 06:44,2021-06-23 22:11,"1624,65",eur,"2398,80",cad,ch_1J5eHvAYqjhH26iAiPxn5gsv,CyvuFSvCdoOR4u7P,American Express,credit,,,credit_not_processed,lost,2022-01-03 23:59,false,false,0,false,"0,00",3,false
du_1K1taiAYqjhH26iAQic8RXpl,Morocco,2021-12-01 14:15,2021-10-25 17:40,"1460,28",eur,"2099,00",cad,ch_3JoXA3AYqjhH26iA1zjYftOM,En4jLeL0sENK5uoI,Visa,credit,,,product_not_received,lost,2021-12-27 23:59,false,false,0,false,"0,00",2,false
du_1JsgSXAYqjhH26iA8QzoSOQ7,Morocco,2021-11-06 04:24,2021-05-24 23:10,"1028,72",usd,"1274,58",cad,ch_1IumunAYqjhH26iAYVcc1FKQ,h4tTLpRmSHDr1Boa,MasterCard,credit,,,product_unacceptable,lost,2021-12-15 23:59,false,false,0,false,"0,00",2,false
du_1JmdyPAYqjhH26iAne3dWW6s,Morocco,2021-10-20 12:32,2021-01-13 17:58,"905,08",eur,"1299,00",cad,ch_1I9DbvAYqjhH26iA64IWCpCu,wCgCh8YLEXxdPOca,Visa,credit,,,product_not_received,lost,2021-11-15 23:59,false,false,0,false,"0,00",2,false
du_1JmducAYqjhH26iArltaBhPw,Morocco,2021-10-20 12:28,2021-07-10 10:43,"905,08",eur,"1299,00",cad,ch_1JBdeEAYqjhH26iApvViJyg4,wCgCh8YLEXxdPOca,Visa,credit,,,product_not_received,lost,2021-11-15 23:59,false,false,0,false,"0,00",4,false
du_1JmBK9AYqjhH26iA2n8HDtIo,Morocco,2021-10-19 05:57,2020-02-07 18:15,"1531,14",usd,"1899,00",cad,ch_1G9bMtAYqjhH26iAGRZV9eYl,0QSAn0VefX1ky453,MasterCard,credit,,,product_unacceptable,lost,2021-11-27 23:59,false,false,0,false,"0,00",3,false
du_1JgSGnAYqjhH26iAz5ZmHSAn,Morocco,2021-10-03 10:50,2021-07-07 18:06,"672,02",usd,"849,50",cad,ch_1JAf8dAYqjhH26iACYUYCETf,H9b0iWBg7yXLYrwr,MasterCard,credit,,,product_unacceptable,lost,2021-11-11 23:59,false,false,0,false,"0,00",2,false
du_1Jff3CAYqjhH26iAUae72KEf,Morocco,2021-10-01 06:16,2021-07-15 15:20,"672,02",usd,"849,50",cad,ch_1JDWM1AYqjhH26iAkOVOESXX,H9b0iWBg7yXLYrwr,MasterCard,credit,,,product_unacceptable,lost,2021-11-09 23:59,false,false,0,false,"0,00",2,false
du_1JcMTmAYqjhH26iAPjuD5oOL,Jordan,2021-09-22 03:50,2021-07-05 21:35,"1794,33",usd,"2278,80",cad,ch_1J9zSGAYqjhH26iAr56yALmJ,pjtQrXnVvn7Uc0rX,MasterCard,credit,,,product_unacceptable,lost,2021-12-04 23:59,false,false,1,false,"0,00",2,false
du_1JagMuAYqjhH26iAWTxdaJyR,Morocco,2021-09-17 12:40,2021-02-25 18:33,"807,56",eur,"1199,40",cad,ch_1IOoeMAYqjhH26iAaW7DD5uz,9cdLWN5liGitRti7,Visa,credit,,,credit_not_processed,lost,2021-10-13 23:59,false,false,0,false,"0,00",3,false
du_1JPnohAYqjhH26iAHJlZtilV,"Thailand, Cambodia & Vietnam",2021-08-18 12:24,2021-06-25 02:28,"1858,13",eur,"2745,83",cad,ch_1J64m8AYqjhH26iAPbY9n5ri,a6U4aJwmXiB5T4UB,Visa,credit,,,credit_not_processed,lost,2021-09-13 23:59,false,false,0,false,"0,00",2,false
du_1JGG8GAYqjhH26iAOIcu9pni,Morocco,2021-07-23 04:37,2021-03-25 18:29,"1340,97",eur,"1999,00",cad,ch_1IYxveAYqjhH26iAcHkblCsS,VjWNW6eNXlc5g6Yl,American Express,credit,,,credit_not_processed,lost,2021-08-07 23:59,false,false,0,false,"0,00",2,false
du_1J8GEeAYqjhH26iAOZBPKnoY,Japan,2021-07-01 03:06,2021-06-14 22:39,"1709,22",eur,"2519,40",cad,ch_1J2ORcAYqjhH26iAnfESDcCU,iBimMifZe9Q4qzfL,American Express,credit,,,credit_not_processed,lost,2021-07-16 23:59,false,false,0,false,"0,00",3,false
du_1J5MNtAYqjhH26iAtiMnrd6Y,Peru,2021-06-23 03:04,2020-03-11 18:47,"773,95",eur,"1215,88",cad,ch_1GLZaOAYqjhH26iA8DHllwHN,sCK2AUqmJOHYp62K,American Express,credit,,,credit_not_processed,won,2021-07-08 23:59,false,true,1,true,"1215,88",2,false
du_1J3vpnAYqjhH26iAURIlHG1v,Peru,2021-06-19 04:31,2020-03-05 01:46,"811,25",eur,"1215,88",cad,ch_1GJ8msAYqjhH26iAc3L0lZhg,sCK2AUqmJOHYp62K,American Express,credit,,,credit_not_processed,won,2021-07-04 23:59,false,true,1,true,"1215,88",2,false
du_1IoSLJAYqjhH26iAzZxuAqpb,South Africa,2021-05-07 11:59,2020-07-28 02:20,"1085,13",eur,"1589,40",cad,ch_1H9iQ9AYqjhH26iA1wENqZRp,i6NHxfB05SGpfBjj,Visa,credit,,,credit_not_processed,lost,2021-06-02 23:59,false,false,0,false,"0,00",2,false
du_1Ikoc9AYqjhH26iA4La3sp3l,South Africa,2021-04-27 10:58,2020-07-06 20:40,"2005,40",eur,"2998,80",cad,ch_1H216jAYqjhH26iAy0DgFeI2,94BomXp9FZHj0jIc,Visa,credit,,,credit_not_processed,lost,2021-05-23 23:59,false,false,0,false,"0,00",2,false
du_1IeIOFAYqjhH26iAqAzBU5Z8,Morocco,2021-04-09 11:20,2020-02-07 03:24,"843,31",eur,"1260,00",cad,ch_1G9NRmAYqjhH26iAmkeXcALI,PyajkHajY7inhOla,Visa,credit,,,product_not_received,lost,2021-05-05 23:59,false,true,1,false,"0,00",2,false
du_1IRFxwAYqjhH26iAHuN7EKr3,Morocco,2021-03-04 12:07,2021-02-24 19:55,"2500,67",eur,"3805,28",cad,ch_1IOTSLAYqjhH26iACWmbykNu,mjgQmC1DQXJMVBxc,Visa,credit,,,credit_not_processed,lost,2021-03-30 23:59,false,false,0,false,"0,00",2,false
du_1IOGBCAYqjhH26iAyJ0Jxpec,Morocco,2021-02-24 05:44,2020-01-11 15:26,"1263,68",usd,"1599,00",cad,ch_1FzlqfAYqjhH26iAQ6QrdfUq,J0qwkte7VfzZau6u,MasterCard,credit,,,product_unacceptable,lost,2021-04-21 23:59,false,true,1,false,"0,00",3,false
du_1IMSYzAYqjhH26iAAeLa6Yhe,Ecuador,2021-02-19 06:34,2020-09-04 04:12,"2352,44",usd,"2979,01",cad,ch_1HNWHnAYqjhH26iAIhjcjZmv,BXNqAZuABwGwqw1N,MasterCard,credit,,,product_unacceptable,lost,2021-04-30 23:59,false,true,1,false,"0,00",2,false
du_1IGiKXAYqjhH26iAsLFcHnJh,Morocco,2021-02-03 10:11,2020-01-12 00:50,"2274,11",usd,"2912,23",cad,ch_1FzuejAYqjhH26iAXUP9CRko,eGTg9NjtiP4g9UhD,MasterCard,credit,,,product_unacceptable,lost,2021-04-15 23:59,false,true,1,false,"0,00",2,false
du_1IDk2WAYqjhH26iAZKfWzRcW,Ecuador,2021-01-26 05:24,2020-02-07 19:42,"1318,07",usd,"1663,47",cad,ch_1G9ciQAYqjhH26iAAyUHa7Eo,StwsOHe7hK4z06Dl,MasterCard,credit,,,product_unacceptable,lost,2021-04-16 23:59,false,true,1,false,"0,00",2,false
du_1IDk2WAYqjhH26iAwkza0Ft8,Ecuador,2021-01-26 05:24,2019-10-23 14:29,"1610,98",usd,"2033,14",cad,ch_1FWkpjAYqjhH26iARmvlJwQI,zWJ7kRbnrZcac89s,MasterCard,credit,,,product_unacceptable,lost,2021-04-10 23:59,false,true,1,false,"0,00",3,false
du_1IAQFsAYqjhH26iA7i9tUkaF,Colombia,2021-01-17 01:40,2020-09-30 20:40,"889,16",eur,"1399,50",cad,ch_1HXC6PAYqjhH26iAUhhP9DXh,p3tOJoc8OsdbaJEs,American Express,credit,,,product_not_received,lost,2021-02-01 23:59,false,false,1,false,"0,00",3,false
du_1I6bYuAYqjhH26iAU2CQubnp,Ecuador,2021-01-06 12:56,2020-02-02 01:29,"2339,77",eur,"3641,02",cad,ch_1G7XGyAYqjhH26iAYu5VrwZy,4l2qhPypsy9vX24L,Visa,credit,,,product_not_received,lost,2021-02-02 23:59,false,true,1,false,"0,00",2,false
du_1HwiqkAYqjhH26iA7zccTt3h,Morocco,2020-12-10 06:42,2020-02-11 04:15,"1365,98",usd,"1749,00",cad,ch_1GAqA1AYqjhH26iAylYHGC0k,FuIqpV3jD7VGCuRf,MasterCard,credit,,,product_unacceptable,lost,2021-02-26 23:59,false,true,1,false,"0,00",2,false
du_1Hw4tDAYqjhH26iALGJr1gRk,Peru,2020-12-08 12:01,2020-03-07 01:26,"1162,06",eur,"1799,00",cad,ch_1GJrRDAYqjhH26iA3bZCbhQW,2muthlwnw0iqMw0W,Visa,credit,,,product_not_received,lost,2021-01-04 23:59,false,true,1,false,"0,00",2,false
du_1HuGj4AYqjhH26iAqyEMLqPA,Morocco,2020-12-03 12:15,2020-02-11 04:26,"1122,83",eur,"1749,00",cad,ch_1GAqKPAYqjhH26iA0HKNR2tf,pMW82CCso0bY6g42,Visa,credit,,,product_not_received,lost,2020-12-30 23:59,false,true,1,false,"0,00",2,false
du_1HojNgAYqjhH26iALck7mzUu,Morocco,2020-11-18 05:39,2020-08-06 18:34,"1746,23",usd,"2294,37",cad,ch_1HDDuxAYqjhH26iAKrKEzs2a,No0oymyW6kty3tPN,MasterCard,credit,,,product_unacceptable,lost,2020-12-31 23:59,false,true,1,false,"0,00",2,false
du_1HneeEAYqjhH26iAUo5rRGBf,Morocco,2020-11-15 06:23,2019-11-06 17:11,"1606,53",usd,"2093,79",cad,ch_1Fbs2AAYqjhH26iARizKPcrr,44ztZw7rFXn1SV4Q,MasterCard,credit,,,product_unacceptable,lost,2021-01-27 23:59,false,true,1,false,"0,00",2,false
du_1HneeAAYqjhH26iAFXgR9iaN,Jordan ,2020-11-15 06:23,2019-12-01 16:39,"2747,18",usd,"3598,80",cad,ch_1FkvSJAYqjhH26iAgNszHBIt,p8Ni0oqwlQooofLb,MasterCard,credit,,,product_unacceptable,lost,2021-02-05 23:59,false,true,1,false,"0,00",3,false
du_1HmD1mAYqjhH26iApVMTdvyF,Morocco,2020-11-11 06:41,2020-01-07 14:52,"1756,93",usd,"2294,37",cad,ch_1FyJQ4AYqjhH26iA8CAQe4kU,No0oymyW6kty3tPN,MasterCard,credit,,,product_unacceptable,lost,2021-01-01 23:59,false,true,1,false,"0,00",2,false
du_1Hlq4oAYqjhH26iAz4ixfDZ4,Morocco,2020-11-10 06:11,2020-07-19 13:43,"1065,34",usd,"1395,86",cad,ch_1H6cnQAYqjhH26iAmoP1EbTW,44ztZw7rFXn1SV4Q,MasterCard,credit,,,product_unacceptable,lost,2021-01-27 23:59,false,true,1,false,"0,00",2,false
du_1HiV31AYqjhH26iArJTOiavz,Greece,2020-11-01 01:07,2020-02-04 20:59,"1164,34",eur,"1709,40",cad,ch_1G8YURAYqjhH26iAKwNnJkX7,COJpwf6voUmoAtwe,American Express,credit,,,product_not_received,lost,2020-11-17 23:59,false,true,1,false,"0,00",3,false
du_1HaS5tAYqjhH26iAlxGKIkR9,Greece,2020-10-09 20:21,2020-02-03 21:53,"2126,01",eur,"3298,80",cad,ch_1G8Cr3AYqjhH26iAKG0YQ4dN,kHb8I7jck2DI2gRE,Visa,credit,,,product_not_received,lost,2020-11-05 23:59,false,true,1,false,"0,00",2,false
du_1HaS4zAYqjhH26iAS5QAHKHr,Greece,2020-10-09 20:20,2020-04-06 15:40,"1417,34",eur,"2199,20",cad,ch_1GUx3sAYqjhH26iA0CdjHVXO,kHb8I7jck2DI2gRE,Visa,credit,,,product_not_received,lost,2020-11-05 23:59,false,true,1,false,"0,00",2,false
du_1HZ4edAYqjhH26iA23gZrkWi,Morocco,2020-10-06 01:07,2020-07-01 17:38,"806,34",eur,"1239,20",cad,ch_1H09swAYqjhH26iAqDDeOXNj,pi26q5jknTJ3xA6o,American Express,credit,,,credit_not_processed,lost,2020-10-22 23:59,false,true,1,false,"0,00",3,false
du_1HYQ9YAYqjhH26iAauD92XtX,"Thailand, Cambodia & Vietnam",2020-10-04 05:53,2019-10-19 18:36,"2018,93",usd,"2699,00",cad,ch_1FVMmfAYqjhH26iAYUrWW2bj,8wwxYYtrhyo2Huoq,MasterCard,credit,,,product_unacceptable,lost,2020-12-22 23:59,false,true,1,false,"0,00",2,false
du_1HVFANAYqjhH26iAsoaRuzuu,Morocco,2020-09-25 11:32,2020-01-10 18:26,"1311,11",eur,"2041,49",cad,ch_1FzSC9AYqjhH26iAWtcBjowm,8dKHcojtP9c4vKCg,Visa,credit,,,product_not_received,lost,2020-10-22 23:59,false,true,1,false,"0,00",3,false
du_1HSiY0AYqjhH26iAY7p2KnZT,"Thailand, Cambodia & Vietnam",2020-09-18 12:18,2019-11-04 21:30,"2473,77",eur,"3842,01",cad,ch_1FbD7mAYqjhH26iApXgCuqYj,FV0YPsxfY1xVF94a,Visa,credit,,,product_not_received,won,2020-10-15 23:59,false,true,1,true,"3842,01",2,false
du_1HSiXxAYqjhH26iAtdfYt5Nn,"Thailand, Cambodia & Vietnam",2020-09-18 12:18,2020-03-19 17:23,"2473,77",eur,"3842,01",cad,ch_1GOS5NAYqjhH26iAgdmCc8SH,FV0YPsxfY1xVF94a,Visa,credit,,,product_not_received,won,2020-10-15 23:59,false,true,1,true,"3842,01",2,false
du_1HSLX8AYqjhH26iAGP8aI9KI,"Thailand, Laos, Cambodia & Vietnam",2020-09-17 11:44,2020-02-04 14:30,"2479,29",eur,"3849,00",cad,ch_1G8SQQAYqjhH26iAlrEXBXx2,QVu9xBZnDYmTi6TC,Visa,credit,,,product_not_received,lost,2020-10-14 23:59,false,true,1,false,"0,00",3,false
du_1HRWTDAYqjhH26iAsXMiREPb,Peru,2020-09-15 05:12,2020-03-04 05:00,"1368,63",usd,"1799,00",cad,ch_1GIpKzAYqjhH26iAjWUEBoG0,stas7mkdrdNBDlru,MasterCard,credit,,,product_unacceptable,lost,2020-11-28 23:59,false,true,1,false,"0,00",2,false
du_1HRWRMAYqjhH26iA89VyBuNO,Peru,2020-09-15 05:10,2020-02-15 21:07,"1672,30",usd,"2188,12",cad,ch_1GCXrdAYqjhH26iAbX0m9rbl,h6arMahHiJ0LVdVl,MasterCard,credit,,,product_unacceptable,lost,2020-12-15 23:59,false,true,1,false,"0,00",3,false
du_1HRWQ9AYqjhH26iA9ztekQlD,Peru,2020-09-15 05:09,2020-01-31 00:01,"1672,30",usd,"2188,12",cad,ch_1G6mx8AYqjhH26iAAITjWLbj,S10KzFP5GfArBWzP,MasterCard,credit,,,product_unacceptable,lost,2020-12-15 23:59,false,true,1,false,"0,00",2,false
du_1HNNPlAYqjhH26iAbUYNx2KI,"Thailand, Cambodia & Vietnam",2020-09-03 18:44,2019-11-04 21:51,"2934,18",usd,"3842,01",cad,ch_1FbDRxAYqjhH26iAULNvokyH,gehUIxiealqg0RHK,MasterCard,credit,,,product_unacceptable,lost,2020-11-17 23:59,false,true,1,false,"0,00",2,false
du_1HNNP8AYqjhH26iAnINHXx45,"Thailand, Cambodia & Vietnam",2020-09-03 18:43,2020-03-19 17:38,"2934,18",usd,"3842,01",cad,ch_1GOSKIAYqjhH26iA763TOUTW,vKM4E8J13bd08QkW,MasterCard,credit,,,product_unacceptable,lost,2020-11-17 23:59,false,true,1,false,"0,00",3,false
du_1HMSCTAYqjhH26iAUqyOqQ8U,Argentina & Brazil,2020-09-01 05:38,2020-02-25 16:47,"3324,96",usd,"4353,70",cad,ch_1GG6YwAYqjhH26iAErzbY6Vh,zP6WZ4v9QTKlJlOy,MasterCard,credit,,,product_unacceptable,won,2020-10-11 23:59,false,true,1,true,"0,00",5,false
du_1HMSC9AYqjhH26iAPqzpAwIx,Costa Rica,2020-09-01 05:38,2019-11-29 17:47,"989,07",usd,"1299,00",cad,ch_1FkDYgAYqjhH26iAQajbKE7z,7Ea4l8Ve2sXjq8Zt,MasterCard,credit,,,product_unacceptable,lost,2020-11-21 23:59,false,true,1,false,"0,00",2,false
du_1HMSC8AYqjhH26iASgYKwWlr,Costa Rica,2020-09-01 05:38,2020-01-18 21:12,"992,06",usd,"1299,00",cad,ch_1G2OaTAYqjhH26iAtyiIPDeI,7Ea4l8Ve2sXjq8Zt,MasterCard,credit,,,product_unacceptable,lost,2020-11-21 23:59,false,true,1,false,"0,00",3,false
du_1HMSC4AYqjhH26iAp7MgEXxs,Argentina & Brazil,2020-09-01 05:38,2020-07-02 17:38,"1790,36",usd,"2344,30",cad,ch_1H0WMLAYqjhH26iAKkyJuQN2,zP6WZ4v9QTKlJlOy,MasterCard,credit,,,product_unacceptable,lost,2020-11-06 23:59,false,true,1,false,"0,00",2,false
du_1HL03cAYqjhH26iAAA8pMl2e,"Thailand, Laos, Cambodia & Vietnam",2020-08-28 05:23,2020-01-03 21:29,"3494,90",usd,"4605,93",cad,ch_1FwxhmAYqjhH26iAKQWdDLDv,fQPkod3vt462tfSB,MasterCard,credit,,,product_unacceptable,lost,2020-11-18 23:59,false,true,1,false,"0,00",2,false
du_1HL03VAYqjhH26iAydx3XEle,"Thailand, Laos, Cambodia & Vietnam",2020-08-28 05:23,2020-03-02 22:24,"2329,94",usd,"3070,63",cad,ch_1GIMgDAYqjhH26iA8ziqe6uh,fQPkod3vt462tfSB,MasterCard,credit,,,product_unacceptable,lost,2020-11-18 23:59,false,true,1,false,"0,00",2,false
du_1HKjbhAYqjhH26iAyZUTZ4K4,Russia,2020-08-27 11:49,2020-02-20 03:49,"1622,90",eur,"2518,80",cad,ch_1GE62QAYqjhH26iAbe1rt96S,Uvcm1friu9heqKXX,Visa,credit,,,product_not_received,lost,2020-09-23 23:59,false,true,1,false,"0,00",1,false
du_1HKjbeAYqjhH26iA09xP7vVH,Russia,2020-08-27 11:49,2020-03-06 00:52,"1081,93",eur,"1679,20",cad,ch_1GJUQpAYqjhH26iAC05r4N8Q,Uvcm1friu9heqKXX,Visa,credit,,,product_not_received,lost,2020-09-23 23:59,false,true,1,false,"0,00",2,false
du_1HKZawAYqjhH26iA6AUiHcpM,Greece,2020-08-27 01:08,2020-04-08 16:13,"1489,36",eur,"2279,20",cad,ch_1GVgWnAYqjhH26iAVaUgfefy,aWvrhdk4W9I0mtso,American Express,credit,,,product_not_received,lost,2020-09-12 23:59,false,true,1,false,"0,00",3,false
du_1HKZauAYqjhH26iA04ZtT0Gf,Greece,2020-08-27 01:08,2020-01-28 19:56,"2348,33",eur,"3418,80",cad,ch_1G60AGAYqjhH26iAop7YhUCW,aWvrhdk4W9I0mtso,American Express,credit,,,product_not_received,lost,2020-09-12 23:59,false,true,1,false,"0,00",3,false
du_1HISibAYqjhH26iAVMS34BYy,Maldives,2020-08-21 05:23,2020-05-20 17:09,"1095,20",usd,"1449,00",cad,ch_1GkvQIAYqjhH26iAYcD8cQmU,3BOQQhWq20X4bV1o,MasterCard,credit,,,product_unacceptable,lost,2020-11-06 23:59,false,false,1,false,"0,00",4,false
du_1HFCeyAYqjhH26iAKz12BcLN,Peru,2020-08-12 05:38,2020-02-04 15:09,"1788,22",usd,"2384,68",cad,ch_1G8T1iAYqjhH26iAQ6zIVyCM,hehv3rqCQ90fRpoL,MasterCard,credit,,,product_unacceptable,lost,2020-11-20 23:59,false,true,1,false,"0,00",2,false
du_1HFCeGAYqjhH26iAmBQ8aqdl,Peru,2020-08-12 05:37,2019-12-30 17:11,"2682,34",usd,"3577,03",cad,ch_1FvRluAYqjhH26iAg1ODzzkD,hehv3rqCQ90fRpoL,MasterCard,credit,,,product_unacceptable,lost,2020-11-20 23:59,false,true,1,false,"0,00",2,false
du_1HCEczAYqjhH26iAQa8kcxP7,Ecuador,2020-08-04 01:07,2020-06-16 02:33,"3933,75",eur,"6058,80",cad,ch_1GuUbkAYqjhH26iA4qjlHwlw,xorzgLl7fFoURKGT,American Express,credit,,,credit_not_processed,lost,2020-08-20 23:59,false,false,0,false,"0,00",3,false
du_1HBaA6AYqjhH26iANoK3NHYR,South Africa,2020-08-02 05:55,2020-07-25 20:42,"1032,21",usd,"1379,40",cad,ch_1H8uCrAYqjhH26iAsNFgOV8X,8EhwJhsXcisN9Tb2,MasterCard,credit,,,fraudulent,lost,2020-11-14 23:59,false,true,1,false,"0,00",2,false
du_1HBLETAYqjhH26iAPIPTTknY,Ultimate Inca Adventure,2020-08-01 13:58,2019-08-23 17:08,"3614,52",eur,"5698,50",cad,ch_1FAgFrAYqjhH26iA3oyBSEaj,E7cO61Yd1GHAeKKN,Visa,credit,,,product_not_received,lost,2020-08-28 23:59,false,true,1,false,"0,00",2,false
du_1HBLEAAYqjhH26iAlwDHgsuM,Sacred Land of the Incas,2020-08-01 13:58,2019-08-22 00:16,"1901,93",eur,"2998,50",cad,ch_1FA3yNAYqjhH26iAedsFlzAl,E7cO61Yd1GHAeKKN,Visa,credit,,,product_not_received,lost,2020-08-28 23:59,false,true,1,false,"0,00",2,false
du_1H8m0yAYqjhH26iA0xkRXw5D,Ecuador,2020-07-25 11:58,2020-02-19 22:34,"3481,41",eur,"5398,00",cad,ch_1GE17YAYqjhH26iAxt7KPCNs,dgYEYLaaxSXFp56N,Visa,credit,,,product_not_received,lost,2020-08-21 23:59,false,true,1,false,"0,00",2,false
du_1H1Q9yAYqjhH26iA3YwoGirs,"Chile, Argentina & Brazil",2020-07-05 05:13,2020-03-03 01:48,"1103,26",usd,"1499,50",cad,ch_1GIPsJAYqjhH26iAauajJ7DV,DTw7CUpcI0c9cfVw,MasterCard,credit,,,product_unacceptable,lost,2020-10-05 23:59,false,true,1,false,"0,00",2,false
du_1H1Q9xAYqjhH26iAi3ErsGr4,"Chile, Argentina & Brazil",2020-07-05 05:13,2020-03-04 00:03,"1103,26",usd,"1499,50",cad,ch_1GIkhwAYqjhH26iAheS9ww1i,DTw7CUpcI0c9cfVw,MasterCard,credit,,,product_unacceptable,lost,2020-10-05 23:59,false,true,1,false,"0,00",3,false
du_1GzyB3AYqjhH26iAgLmdSbyM,Peru,2020-07-01 05:08,2020-01-06 14:45,"1498,79",usd,"2049,00",cad,ch_1FxwpqAYqjhH26iA5fTTw0Or,44ztZw7rFXn1SV4Q,MasterCard,credit,,,product_unacceptable,lost,2020-09-30 23:59,false,true,1,false,"0,00",2,false
du_1GzyAbAYqjhH26iAHLRQjY0U,Peru,2020-07-01 05:07,2019-11-04 15:21,"1498,79",usd,"2049,00",cad,ch_1Fb7MmAYqjhH26iAA6UCBnr7,44ztZw7rFXn1SV4Q,MasterCard,credit,,,product_unacceptable,lost,2020-09-30 23:59,false,true,1,false,"0,00",2,false
du_1GzXwpAYqjhH26iA6v1BPvzx,Peru,2020-06-30 01:07,2020-05-07 16:57,"1111,09",eur,"1699,00",cad,ch_1GgD2XAYqjhH26iALRAzgr1V,z2akp0WQvRIZ832C,American Express,credit,,,product_not_received,won,2020-07-26 23:59,false,true,1,true,"1699,00",2,false
du_1GzXwlAYqjhH26iA4i9JbZvb,Peru,2020-06-30 01:07,2020-03-04 18:20,"1133,59",eur,"1699,00",cad,ch_1GJ1plAYqjhH26iAo2FMFiQT,z2akp0WQvRIZ832C,American Express,credit,,,product_not_received,lost,2020-07-26 23:59,false,true,1,false,"0,00",3,false
du_1GxtLJAYqjhH26iAlnWZdThs,South Africa,2020-06-25 11:34,2019-09-30 15:45,"2061,46",eur,"3149,38",cad,ch_1FOR4JAYqjhH26iA5lsyXsjS,9rUeDWIoVWtwz43C,Visa,credit,,,product_not_received,lost,2020-08-05 23:59,false,true,1,false,"0,00",2,false
du_1Gxt8HAYqjhH26iALDngcpzS,Morocco,2020-06-25 11:20,2020-02-11 17:10,"958,28",eur,"1464,00",cad,ch_1GB2FwAYqjhH26iApN1mU1lL,FVEQiM6C8K3xbWXw,Visa,credit,,,product_not_received,lost,2020-08-04 23:59,false,true,1,false,"0,00",4,false
du_1GxXDiAYqjhH26iABKCEFUgt,Ecuador,2020-06-24 11:56,2019-11-22 20:48,"1951,12",eur,"2968,90",cad,ch_1Fhj3iAYqjhH26iAvPNBd3y7,q9oThW0U93Jhh1yQ,Visa,credit,,,product_not_received,lost,2020-07-21 23:59,false,true,1,false,"0,00",2,false
du_1GxXCNAYqjhH26iAqBhR5zFp,Ecuador,2020-06-24 11:55,2020-02-12 21:08,"1761,98",eur,"2681,10",cad,ch_1GBSRCAYqjhH26iA8xhkETAf,q9oThW0U93Jhh1yQ,Visa,credit,,,product_not_received,lost,2020-07-21 23:59,false,true,1,false,"0,00",2,false
du_1GvMdBAYqjhH26iAubdRj2AL,South Africa,2020-06-18 12:14,2020-03-12 02:06,"1382,19",eur,"2099,59",cad,ch_1GLgRFAYqjhH26iAjmMLAyTb,9rUeDWIoVWtwz43C,Visa,credit,,,product_not_received,lost,2020-07-23 23:59,false,true,1,false,"0,00",2,false
du_1GvG54AYqjhH26iAVTd6R7Ng,"Cities, Andes & Galapagos",2020-06-18 05:14,2019-07-15 19:22,"2375,97",usd,"3238,80",cad,ch_1EwZl6AYqjhH26iARgRj0G6h,0UhdjyIhn3ZN7PwM,MasterCard,credit,,,credit_not_processed,won,2020-07-28 23:59,false,true,1,true,"0,00",5,false
du_1Gt4TjAYqjhH26iAH76sziWG,Ecuador,2020-06-12 04:26,2020-01-22 18:09,"1604,70",usd,"2159,20",cad,ch_1G3ndZAYqjhH26iAVUf6oc4U,0UhdjyIhn3ZN7PwM,MasterCard,credit,,,product_unacceptable,won,2020-07-23 23:59,false,true,1,true,"0,00",4,false
du_1Gt4SgAYqjhH26iAfrr68SSz,"Chile, Argentina & Brazil",2020-06-12 04:25,2020-03-03 01:39,"1118,70",usd,"1499,50",cad,ch_1GIPjKAYqjhH26iA6cPbMw4t,YgpmLlEB0vwfLULP,MasterCard,credit,,,product_unacceptable,lost,2020-08-23 23:59,false,true,1,false,"0,00",2,false
du_1Gt4SJAYqjhH26iArzgTj1eV,"Chile, Argentina & Brazil",2020-06-12 04:25,2020-03-04 00:01,"1118,70",usd,"1499,50",cad,ch_1GIkgKAYqjhH26iAWAsP22Dp,YgpmLlEB0vwfLULP,MasterCard,credit,,,product_unacceptable,lost,2020-08-23 23:59,false,true,1,false,"0,00",2,false
du_1GpRtJAYqjhH26iAFwHTbMMb,"Thailand, Cambodia & Vietnam",2020-06-02 04:38,2019-11-19 16:54,"2323,93",usd,"3199,00",cad,ch_1FgZxuAYqjhH26iA9CVh9gNd,zveklC2h2fjvrfFZ,MasterCard,credit,,,product_unacceptable,lost,2020-09-18 23:59,false,true,1,false,"0,00",4,false
du_1GpRsnAYqjhH26iAZwh5zwdC,"Thailand, Cambodia & Vietnam",2020-06-02 04:37,2020-03-11 16:51,"2323,93",usd,"3199,00",cad,ch_1GLXmJAYqjhH26iAghCHUp76,zveklC2h2fjvrfFZ,MasterCard,credit,,,product_unacceptable,lost,2020-09-18 23:59,false,true,1,false,"0,00",4,false
du_1GnPEkAYqjhH26iAOjNsz05k,"Croatia, Slovenia, Bosnia and Herz. & Greece",2020-05-27 13:24,2020-02-04 18:04,"3095,84",eur,"4678,80",cad,ch_1G8VlDAYqjhH26iAfermnwXh,RUbSiDgTXVt3OHBD,Visa,credit,,,product_not_received,lost,2020-07-26 23:59,false,true,1,false,"0,00",2,false
du_1GnPEcAYqjhH26iAHsdP4WmV,"Croatia, Slovenia, Bosnia and Herz. & Greece",2020-05-27 13:23,2020-02-19 00:22,"2063,89",eur,"3119,20",cad,ch_1GDgKOAYqjhH26iAjRz47mT2,RUbSiDgTXVt3OHBD,Visa,credit,,,product_not_received,lost,2020-07-26 23:59,false,true,1,false,"0,00",2,false
du_1GmuoJAYqjhH26iA6qaiQwtu,South Africa,2020-05-26 04:54,2020-02-10 20:18,"942,01",usd,"1311,84",cad,ch_1GAii5AYqjhH26iAqA3Qww6I,kdy8qESyPznMWBTc,MasterCard,credit,,,product_unacceptable,lost,2020-08-23 23:59,false,true,1,false,"0,00",2,false
du_1GmudkAYqjhH26iAq0qMgsem,South Africa,2020-05-26 04:43,2019-11-01 17:55,"1435,63",usd,"1999,26",cad,ch_1Fa4LHAYqjhH26iAaDHd4g6s,kdy8qESyPznMWBTc,MasterCard,credit,,,product_unacceptable,lost,2020-08-23 23:59,false,true,1,false,"0,00",2,false
du_1GkqMaAYqjhH26iAdDdfQ3KO,Jordan,2020-05-20 11:45,2020-01-08 19:34,"2777,09",eur,"3838,40",cad,ch_1FykIpAYqjhH26iAwh65DpUb,r8MF2Fz78VYdVXva,Visa,credit,,,product_not_received,won,2020-06-16 23:59,false,true,1,true,"3838,40",2,false
du_1GkqIJAYqjhH26iAeMFmda4L,Wonders of the Hashemite Kingdom  ,2020-05-20 11:41,2019-06-24 04:09,"4126,55",eur,"5757,60",cad,ch_1EojUSAYqjhH26iAIIVWOEJn,r8MF2Fz78VYdVXva,Visa,credit,,,product_not_received,won,2020-06-16 23:59,false,true,1,true,"5757,60",2,false
du_1Gj2vcAYqjhH26iA0ApJtebk,Peru,2020-05-15 12:46,2020-03-03 22:54,"1245,01",eur,"1886,24",cad,ch_1GIjdRAYqjhH26iAqm86eMb1,is5VtugSUBOcrLXr,Visa,credit,,,credit_not_processed,lost,2020-08-05 23:59,false,true,1,false,"0,00",2,false
du_1GiXNDAYqjhH26iA8PLngyEe,Peru,2020-05-14 03:04,2020-03-07 01:06,"1324,78",usd,"1849,00",cad,ch_1GJr7TAYqjhH26iAd50eKhhg,D6RfNWxfGxzywomp,MasterCard,credit,,,product_unacceptable,won,2020-06-22 23:59,false,true,1,true,"0,00",4,false
du_1GiXGKAYqjhH26iAxKH7DNQ5,Peru,2020-05-14 02:57,2020-02-20 20:41,"1324,78",usd,"1849,00",cad,ch_1GELpYAYqjhH26iAPf8tgOsp,11hk9ml69h41heNc,MasterCard,credit,,,product_unacceptable,won,2020-06-22 23:59,false,true,1,true,"0,00",4,false
du_1Ggql9AYqjhH26iAjr9c0hGE,Morocco,2020-05-09 11:22,2020-03-06 17:43,"2386,44",eur,"3998,00",cad,ch_1GJkD9AYqjhH26iAbXLnLhZd,V0enQbTpP2zXGhwX,Visa,credit,,,credit_not_processed,lost,2020-08-04 23:59,false,true,1,false,"0,00",2,false
du_1GgVfQAYqjhH26iArPZ6xloW,"Thailand, Laos, Cambodia & Vietnam",2020-05-08 12:51,2020-02-21 14:35,"221,86",eur,"334,50",cad,ch_1GEcb6AYqjhH26iAyojQe6iZ,3YGNhsYXpguVi6N4,Visa,credit,,,product_not_received,lost,2020-07-04 23:59,false,true,1,false,"0,00",2,false
du_1Gg7a1AYqjhH26iAyRktMrSO,"Thailand, Laos, Cambodia & Vietnam",2020-05-07 11:07,2020-01-29 22:47,"2538,63",eur,"3849,00",cad,ch_1G6PJQAYqjhH26iAeykhi8YX,3YGNhsYXpguVi6N4,Visa,credit,,,product_not_received,lost,2020-07-04 23:59,false,true,1,false,"0,00",2,false
du_1GZSK9AYqjhH26iADQvLkzPd,Morocco,2020-04-19 01:51,2019-12-10 14:27,"1390,03",eur,"2042,39",cad,ch_1Fo9gKAYqjhH26iAMSJcp0aR,Md7ibaxyJoLov0ii,American Express,credit,,,credit_not_processed,lost,2020-07-05 23:59,false,false,0,false,"0,00",2,false
du_1GYug4AYqjhH26iAn5ydofFd,Peru,2020-04-17 13:56,2020-03-06 14:28,"1534,98",eur,"2342,31",cad,ch_1GJhASAYqjhH26iA8W9DwEDP,yFRyZi9tme7n1kjY,Visa,credit,,,product_not_received,lost,2020-07-04 23:59,false,true,1,false,"0,00",3,false
du_1GYug0AYqjhH26iAdoR5RgaJ,Peru,2020-04-17 13:56,2020-01-11 19:01,"2204,16",eur,"3363,46",cad,ch_1FzpDYAYqjhH26iAR9JEW9vi,yFRyZi9tme7n1kjY,Visa,credit,,,product_not_received,lost,2020-07-03 23:59,false,true,1,false,"0,00",3,false
du_1GYVEOAYqjhH26iAUq5CgsgJ,Morocco,2020-04-16 10:46,2020-02-04 21:52,"1064,57",eur,"1622,15",cad,ch_1G8ZKAAYqjhH26iAT1sq3X2R,RsUggloFGFYdJ4uc,Visa,credit,,,product_not_received,lost,2020-05-13 23:59,false,true,1,false,"0,00",2,false
du_1GYVENAYqjhH26iAeYsPBols,Morocco,2020-04-16 10:46,2020-02-10 21:35,"1064,67",eur,"1622,30",cad,ch_1GAjuSAYqjhH26iAsCCeMBKP,RsUggloFGFYdJ4uc,Visa,credit,,,product_not_received,lost,2020-05-13 23:59,false,true,1,false,"0,00",2,false
du_1GVUy1AYqjhH26iACVcLkjWW,"Thailand, Cambodia & Vietnam",2020-04-08 03:52,2020-01-02 14:36,"1897,06",usd,"2686,33",cad,ch_1FwUmgAYqjhH26iAY9aymq7r,0ac0yOm6zEi861AH,MasterCard,credit,,,product_unacceptable,lost,2020-08-10 23:59,false,true,1,false,"0,00",2,false
du_1GRyqBAYqjhH26iAZ87006vg,Morocco,2020-03-29 10:58,2020-01-14 16:08,"5275,88",eur,"8147,00",cad,ch_1G0rvwAYqjhH26iApOWJHBch,FVEQiM6C8K3xbWXw,Visa,credit,,,product_not_received,lost,2020-06-14 23:59,false,true,1,false,"0,00",3,false
du_1GRyq2AYqjhH26iAH0YcoUg8,Morocco,2020-03-29 10:57,2019-11-28 22:27,"5275,88",eur,"8147,00",cad,ch_1FjvSeAYqjhH26iAiLZ9JRnS,FVEQiM6C8K3xbWXw,Visa,credit,,,product_not_received,lost,2020-06-14 23:59,false,true,1,false,"0,00",3,false
du_1GRTrIAYqjhH26iAlMhdDZXA,Morocco,2020-03-28 01:53,2019-12-10 16:27,"1694,32",eur,"2489,50",cad,ch_1FoBYSAYqjhH26iArkCSCUFS,yhzY9285SKnchErC,American Express,credit,,,product_not_received,lost,2020-04-13 23:59,false,true,1,false,"0,00",2,false
du_1GRGPwAYqjhH26iA10HvBGDP,Morocco,2020-03-27 11:32,2020-02-10 21:38,"1052,68",eur,"1622,30",cad,ch_1GAjxRAYqjhH26iA9FX38mno,ES7TrUBNGO1eGK2t,Visa,credit,,,product_not_received,lost,2020-04-23 23:59,false,true,1,false,"0,00",3,false
du_1GRGPtAYqjhH26iAKhEcwnHE,Peru,2020-03-27 11:32,2020-02-08 16:37,"1460,68",eur,"2251,08",cad,ch_1G9wJ7AYqjhH26iAx0rwQ7KN,JLWKqdz1My7ygWPV,Visa,credit,,,fraudulent,lost,2020-04-23 23:59,false,true,1,false,"0,00",2,false
du_1GRGPrAYqjhH26iAfcdDxy0p,Morocco,2020-03-27 11:31,2020-02-04 21:57,"1052,58",eur,"1622,14",cad,ch_1G8ZOqAYqjhH26iAub0bpVBh,ES7TrUBNGO1eGK2t,Visa,credit,,,product_not_received,lost,2020-04-23 23:59,false,true,1,false,"0,00",3,false
du_1GQmo0AYqjhH26iAxvTJCCUP,Morocco,2020-03-26 03:54,2020-02-09 20:32,"448,28",usd,"4098,00",cad,ch_1GAMRkAYqjhH26iA15gP9DlT,q7ZpKT3mokHSlAYz,MasterCard,credit,,,product_unacceptable,lost,2020-08-01 23:59,false,true,1,false,"0,00",2,false
du_1GP4tnAYqjhH26iAd5sfoLuG,Peru,2020-03-21 10:49,2019-11-14 02:34,"2365,54",eur,"3598,50",cad,ch_1FeYAIAYqjhH26iA9JiXvI4x,bBSXpnzCw2ThK9p8,Visa,credit,,,credit_not_processed,lost,2020-06-10 23:59,false,true,1,false,"0,00",2,false
du_1GP4thAYqjhH26iAt2qliru5,Peru,2020-03-21 10:49,2020-01-24 04:18,"2365,54",eur,"3598,50",cad,ch_1G4Jd3AYqjhH26iAit2WFaAH,bBSXpnzCw2ThK9p8,Visa,credit,,,credit_not_processed,lost,2020-06-10 23:59,false,true,1,false,"0,00",2,false
du_1GMo5GAYqjhH26iAL5KuJXxV,"Andes, Amazon & Galapagos ",2020-03-15 04:28,2019-07-17 01:41,"2015,65",usd,"2768,50",cad,ch_1Ex29WAYqjhH26iAlXVvaNHW,xJXPhXx46FRWN4BZ,MasterCard,credit,,,product_unacceptable,lost,2020-07-20 23:59,false,true,1,false,"0,00",2,false
du_1GMo4aAYqjhH26iAbyvpXMfD,South Africa & Zimbabwe,2020-03-15 04:27,2019-10-22 17:05,"3818,57",usd,"5244,81",cad,ch_1FWQnnAYqjhH26iAYA6fHSZV,xJXPhXx46FRWN4BZ,MasterCard,credit,,,product_unacceptable,lost,2020-07-20 23:59,false,true,1,false,"0,00",2,false
du_1GMo3AAYqjhH26iAl2pg9K6w,"Andes, Amazon & Galapagos ",2020-03-15 04:26,2019-04-24 19:09,"3743,36",usd,"5141,50",cad,ch_1ESqSzAYqjhH26iAqf7mEeoo,xJXPhXx46FRWN4BZ,MasterCard,credit,,,product_unacceptable,lost,2020-07-20 23:59,false,true,1,false,"0,00",2,false
dp_1GFYg1AYqjhH26iA9hI2IVvN,Peru,2020-02-24 04:36,2019-12-02 17:27,"1647,66",usd,"2181,50",cad,ch_1FlIgXAYqjhH26iAocW349j8,MPVDqZAoDeUd7Y7p,MasterCard,credit,,,fraudulent,lost,2020-04-06 23:59,false,true,1,false,"0,00",2,false
dp_1GFYg0AYqjhH26iAUGieNhzu,Peru,2020-02-24 04:36,2019-10-31 07:47,"1647,66",usd,"2181,50",cad,ch_1FZYNjAYqjhH26iA7rdtng0V,MPVDqZAoDeUd7Y7p,MasterCard,credit,,,fraudulent,lost,2020-04-06 23:59,false,true,1,false,"0,00",2,false
du_1GBKLlAYqjhH26iA31jMMg0j,"Cambodia, Vietnam & Thailand",2020-02-12 12:29,2019-12-18 16:08,"2649,97",eur,"3839,20",cad,ch_1Fr54XAYqjhH26iAj3LHFAbD,wes5doV03Em1uMKy,Visa,credit,,,product_not_received,lost,2020-03-10 23:59,false,false,0,false,"0,00",2,false
du_1GBKLlAYqjhH26iA9rsw0uiX,"Cambodia, Vietnam & Thailand",2020-02-12 12:29,2019-12-17 21:12,"3974,95",eur,"5758,80",cad,ch_1FqnLGAYqjhH26iAxq5E4Zfd,wes5doV03Em1uMKy,Visa,credit,,,product_not_received,lost,2020-03-10 23:59,false,false,0,false,"0,00",3,false
du_1FzNraAYqjhH26iAarbvyGZk,Peru,2020-01-10 13:49,2019-12-08 14:18,"940,70",eur,"2478,07",cad,ch_1FnQayAYqjhH26iAfaZpMIdO,Kic09SUzGbcrMXY6,Visa,credit,,,credit_not_processed,won,2020-02-06 23:59,false,true,1,true,"1116,47",2,false
du_1Fmh7gAYqjhH26iA9exLwxAa,"Bangkok, Angkor Wat & Ha Long Bay",2019-12-06 13:45,2019-08-05 19:04,"273,97",eur,"1959,20",cad,ch_1F4BTbAYqjhH26iANoDOAXap,v1hm6O9bET5nYQN9,Visa,credit,,,product_unacceptable,lost,2020-01-02 23:59,false,false,1,false,"200,00",2,false
dp_1Fc2yFAYqjhH26iA0TnuypYN,Grand Tour & Kasbah Route,2019-11-07 04:51,2019-09-05 15:25,"1137,56",usd,"1499,00",cad,ch_1FFMq8AYqjhH26iA4GePghJ8,iD7hYpSf5IvTbOIO,MasterCard,credit,,,duplicate,won,2019-12-14 23:59,false,true,1,true,"484,16",,false
dp_1FQ3NdAYqjhH26iA5uIV1YiN,Grand Tour & Kasbah Route,2019-10-05 02:52,2019-07-21 13:07,"1347,91",usd,"1799,00",cad,ch_1Eyel1AYqjhH26iAZRJSTkRx,hrUd50Aqg0cvFCSH,MasterCard,credit,,,general,lost,2019-11-11 23:59,false,true,1,false,"0,00",,false
dp_1FQ3NdAYqjhH26iArnngd525,Grand Tour & Kasbah Route,2019-10-05 02:52,2019-07-21 12:59,"1347,91",usd,"1799,00",cad,ch_1EyedmAYqjhH26iAIo26Xvj0,hrUd50Aqg0cvFCSH,MasterCard,credit,,,general,lost,2019-11-11 23:59,false,true,1,false,"0,00",,false
dp_1FLhAuAYqjhH26iAWzekIuZX,"Bangkok, Angkor Wat & Ha Long Bay",2019-09-23 02:21,2019-08-22 15:51,"1406,50",eur,"2079,20",cad,ch_1FAIZ1AYqjhH26iAW35qBiRq,ZZ1Lu8jHpWzcgPAN,American Express,credit,,,product_not_received,lost,2019-10-10 23:59,false,true,1,false,"0,00",,false
dp_1FJsnIAYqjhH26iAWORVxTcH,"Bangkok, Angkor Wat & Ha Long Bay",2019-09-18 02:21,2019-06-26 14:49,"2363,98",usd,"3118,80",cad,ch_1EpcQwAYqjhH26iALBbTWhiu,ZZ1Lu8jHpWzcgPAN,American Express,credit,,,product_not_received,lost,2019-10-05 23:59,false,false,1,false,"0,00",,false
